,Fund Name,P1,P2,P3,P4,P5,Topsis Score,Rank
0,M1,0.38731176918496585,0.4128940845075426,0.5717931347037069,0.3221191591090434,0.9645292567152548,0.6878427635289782,3
1,M2,0.3539946277497,0.3456787684249194,0.7809857449611606,0.2986785630236435,0.928717526886718,0.518627717913273,4
2,M3,0.38731176918496585,0.4128940845075426,0.8088780929954879,0.3690003512798431,1.1221008679608162,0.4103018075807686,5
3,M4,0.3206774863144341,0.2832645463481978,0.7530933969268335,0.4272237673629331,1.2589812575276678,0.29727545918044396,7
4,M5,0.3831471265055576,0.40809299050164094,0.47416991658356183,0.2601150017218566,0.7870622400093953,0.8001509395568528,1
5,M6,0.24987856076449408,0.1728393842124597,0.8646627890641422,0.42268687779801695,1.255002176435608,0.19547173560988712,8
6,M7,0.36648855578792466,0.3696842384544277,0.5299546126522161,0.2926293769370887,0.8785811051267668,0.7571544008780168,2
7,M8,0.3581592704291082,0.3552809564367227,0.7670395709439971,0.39546554040852033,1.1817870843417106,0.36109160364664755,6
